{
  "dataset_path": "runs\\cache\\datasets\\value_momentum_v1__20260504_042749__recent.features.parquet",
  "output_path": "runs\\cache\\signals\\value_momentum_v1__20260504_042749__recent.parquet",
  "rows_in_dataset": 2278522,
  "rows_in_signals": 2278296,
  "num_dates": 485,
  "num_stocks": 5234,
  "score_min": 0.00020491803278688525,
  "score_max": 0.9984346979256815
}